{"weights": [-0.002402826855123672, 0.03162162162162163, -0.04119444444444446, 0.04028169014084509], "bias": -0.019999999999999997}