{"weights": [-0.011696113074204947, 0.029866666666666673, -0.04122222222222231, 0.032676056338028184], "bias": -0.03}